<?xml version="1.0" encoding="ISO-8859-1"?>
<document url="http://castor.exolab.org/jdo-project.xml">
  <properties>
    <title>Castor JDO Project Plan</title>
    <author email="ferret@frii.com">Bruce Snyder</author>
    <abstract>
    This document outlines all work that has been identified for Castor JDO. 
    </abstract>
    <status>Draft</status>
  </properties>

  <body>
    <title>Castor JDO Refactoring Project Plan</title>

    <section title="Introduction">

      <p>
      Below is a list of tasks that have been identified for refactoring
      in Castor JDO. This list is continually evolving and should be checked
      often. There are no scheduled release dates for these items. This
      is because Castor JDO is entirely a volunteer effort and team members
      contribute in their spare time. Some of these tasks are in progress 
      and some have not been started at all.
      </p>

      <p>
      There is always plenty of work to be done. If you would like to 
      participate, please let us know. If you see a task that you would 
      like to work on please let us know. I you see a task that you would 
      like to work on but has already been assigned to someone, that doesn't 
      mean that you can't help out or even take it over. Simply contact the 
      JDO project leader (available <a href="http://www.castor.org/contributors.html">
      here</a>). 
      </p>

    </section>

    <section title="Tasks">

        <section title="Logging Refactoring">
        <p>
        <b>Description:</b><br />
        Switching the logging mechanism in Castor 
        over to using the <a href="http://jakarta.apache.org/commons/logging.html">
        Jakarta Commons Logging</a> with Log4J as the default logger. 
        Not only will this help to improve the logging quality, but it will
        also allow users to choose their logging framework of choice. 
        </p>
        <p>
        <b>Volunteer:</b> Bruce Snyder<br />
        <b>Status:</b> started<br />
        <b>Date Started:</b> 5 May 2003<br />
        <b>Notes:</b><br />
        Not sure if Jakarta Commons Logging should be used in Castor
        because of the inability to configure some finer features in Log4J.
        See <a
        href="http://www.zdnet.com.au/builder/program/java/story/0,2000034779,20272367,00.htm">this
        article</a> for some info. This article may be talking about
        programmatic configuration of Log4J which I'm not really worried
        about. All of the configuration in Castor will take place in a
        properties or XML file. <br />
        </p>
        </section>

        <section title="CTF-JDO Improvements">
        <p>
        <b>Description:</b><br />
        Writing test cases is a critical effort to the 
        evolution of Castor JDO. All bug fixes and new functionality must contain 
        test cases unless the bug fix is trivial. All test cases are written
        using the Castor Test Framework for JDO 
        (<a href="testing-framework.html">CTF-JDO</a>). 
        </p>
        <p>
        The verison of <a href="http://junit.org">JUnit</a> used by Castor is
        quite outdated (version 3.5). This needs to be updated to the latest
        version (as of this writing, version 3.8.1). There is a certain amount
        of work involved with this in changing all assert() calls to the
        newer, more specific assert calls (e.g. assertTrue(), assertEquals(),
        assertNull(), assertNotNull(), etc.). Also look into the use of 
        <a href="http://www.openfuture.de/Log4Unit/">Log4Unit</a> as opposed
        to JUnit. Log4Unit is an extension to JUnit that provides a logging
        component to JUnit to provide better logging for both failures and
        successes. 
        </p>
        <p>
        In addition to using JUnit, a database specific extension to JUnit
        called <a href="http://dbunit.sf.net/">DbUnit</a> should be
        considered. DbUnit helps to manage test data sets by
        importing/exporting flat XML data sets to/from a database for each
        test or set of tests being executed. 
        </p>
        <p>
        <b>Volunteer:</b> Bruce Snyder<br />
        <b>Status:</b> not started<br />
        <b>Date Started:</b><br />
        <b>Notes:</b><br />
        </p>
        </section>

        <section title="Query Engine Refactoring">
        <p>
        <b>Description:</b><br />
        The Castor OQL engine should be refactored to make us of a parser
        generator like <a href="http://antlr.org">ANTLR</a> or <a
        href="http://www.experimentalstuff.com/Technologies/JavaCC/">JavaCC</a>. 
        This will make maintenance and adding features incredibly easier. 
        </p>
        <p>
        <b>Volunteer:</b> Paul Botta<br />
        <b>Status:</b> ANTLR implemenation complete<br />
        <b>Date Started:</b><br />
        <b>Notes:</b><br />
        Many thanks to Paul Botta for his hard work on the ANTLR implemenation. 
        Now this implementation just needs some tests to prove it so that it can 
        be committted it to CVS. 
        </p>
        <p>
        This layer should also be made pluggable allowing one or more query 
        engines to plugged in simultaneously (e.g. OQL, XQuery, EJBQL, etc.).
        </p>
        </section>

        <section title="Query Externalization">
        <p>
        <b>Description:</b><br />
        Castor should include a mechanism for queries to be externalized in the 
        object mapping descriptor. 
        </p>
        <p>
        <b>Volunteer:</b><br />
        <b>Status:</b> not started<br />
        <b>Date Started:</b><br />
        <b>Notes:</b><br />
        This would allow for named queries that do not require recompilation 
        for changes. These queries would be included automatically via the 
        Castor XML unmarshalling of the object mapping descriptor via the 
        &lt;includes> element.
        </p>
        </section>

        <section title="ClassMolder Refactoring">
        <p>
        <b>Description:</b><br />
        The ClassMolder should be broken up into several classes to make use 
        of a dual <a
        href="http://www.ootips.org/strategy-vs-case.html">strategy pattern</a>.
        </p>
        <p>
        <b>Volunteer:</b><br />
        <b>Status:</b> not started<br />
        <b>Date Started:</b><br />
        <b>Notes:</b><br />
        The relationship type (e.g. one-to-one, one-to-many, many-to-many) is 
        already determined by the <tt>FieldMolder</tt>.
        </p>
        </section>

        <section title="J2EE Transaction Factory">
        <p>
        <b>Description:</b><br />
        In 2002 I started adding an API for a TransactionManagerFactory so that 
        Castor JDO can make use of a J2EE container's transaction manager 
        (e.g. JBoss, Weblogic, Websphere, etc.).
        </p>
        <p>
        <b>Volunteer:</b> Werner Guttmann/Bruce Snyder<br />
        <b>Status:</b> started<br />
        <b>Date Started:</b> Apr 2003<br />
        <b>Notes:</b><br />
        Werner and I have been working together to get this implemenation
        working. It's proceeding and I expect that it will be working by the
        end of May 2003.
        </p>
        </section>

        <section title="Cache Engine Refactoring">
        <p>
        <b>Description:</b><br />
        Castor's current cache implemenation is not very robust. It lacks any
        procedure for manual object eviction and it should really be using
        some sort of balanced tree (e.g. java.util.TreeMap) for reasons of
        speed, etc., etc.
        </p>
        <p>
        Note that Vince Adamo has posted a 
        <a href="http://bugzilla.exolab.org/show_bug.cgi?id=1091">patch</a> for 
        object eviction in the current Castor API. 
        </p>
        <p>
        <b>Volunteer:</b><br />
        <b>Status:</b> open<br />
        <b>Date Started:</b><br />
        <b>Notes:</b><br />
        There should really be a cache API. This would abstract the entire cache 
        engine allowing it to be made pluggable. In fact, I would much rather 
        consider using a <a href="http://jcp.org/en/jsr/detail?id=107">JSR 107</a>
        implementation than writing our own API. Because this layer will be
        pluggable, a distributed cache implementation should be provided using
        <a href="http://www.javagroups.com/">JavaGroups</a>.
        </p>
        </section>

        <section title="Polymorphism">
        <p>
        <b>Description:</b><br />
        Handling of interfaces and abstract classes with regard to both object 
        mapping and queries. 
        </p>
        <p>
        <b>Volunteer:</b><br />
        <b>Status:</b> not started<br />
        <b>Date Started:</b><br />
        <b>Notes:</b><br />
        Maybe this could be handled for the object mapping by using nested 
        &lt;class> elements??? 
        <br />
        <i>Interface idea</i> - introduce the 'implements' attribute to the
        &lt;class> element: 
        <pre><![CDATA[
<class name="myapp.Foo" ... >
    <class name="myapp.FooBar" implements="myapp.Foo" ...>
    </class>
</class>]]>
        </pre>
        Obviously an interface can be determined by using <tt>java.lang.Class#isInterfaces()</tt> and/or
        <tt>java.lang.Class#isInterface()</tt>. 
        <br />
        <br />
        <i>Abstract class idea</i> - make use of the 'extends' element plus
        some code testing: 
        <pre><![CDATA[
<class name="myapp.Foo" ... >
    <class name="myapp.FooBar" extends="myapp.Foo" ...>
    </class>
</class>]]>
        </pre>
        The use of the 'extends' attribute for the abstract class is not
        unique enough to determine that the class is abstract or concrete.
        But by using <tt>java.lang.Class#isAssignableFrom()</tt> and/or 
        <tt>java.lang.Class#getSuperclass()</tt> will work. 
        </p>
        <p>
        <i>Queries</i> - objects should already be cast properly:
        <pre><![CDATA[
SELECT p FROM myapp.Product p]]>
        </pre>
        The above query would return all <tt>Product</tt>s including
        <tt>Computer</tt>s, etc.
        </p>
        <p>
        Not sure if this will really work. It will need experimentation to 
        determine.
        </p>
        </section>

        <section title="Must Fix Bugs">
        <p>
        <b>Description:</b><br />
        There are a few bugs that *must* be fixed, specifically 
        <a href="http://bugzilla.exolab.org/show_bug.cgi?id=986">986</a>, 
        <a href="http://bugzilla.exolab.org/show_bug.cgi?id=925">925</a>, 
        <a href="http://bugzilla.exolab.org/show_bug.cgi?id=997">997</a>. 
        These bugs have been around for quite a while and should have been 
        fixed long ago. 
        </p>
        <p>
        <b>Volunteer:</b><br />
        <b>Status:</b> not started<br />
        <b>Date Started:</b><br />
        <b>Notes:</b><br />
        </p>
        </section>

        <section title="Javadoc improvements">
        <p>
        <b>Description:</b><br />
        This task surrounds the effort to continually improve the code
        documentation including code examples, adding an <tt>@author</tt> tag 
        to any class you modify, etc. This task must be carried 
        out by everyone.
        </p>
        <p>
        <b>Volunteer:</b><br />
        <b>Status:</b> ongoing<br />
        <b>Date Started:</b><br />
        <b>Notes:</b><br />
        </p>
        </section>

        <!--
        Items to be added to this list (in no particular order):

        - Support for sub-queries, joins, order by, group by, between, functions, 
          is null, is not null, named parameters, binary, logical and match 
          operators, precedence via parens, etc. 
        - Make it easier to use straight SQL (e.g. no AS <object-name> syntax
          for certain cases)
        - Support for the mapping of multiple classes to one table and one 
          class to multiple tables
        - Support the splitting of object mapping (this is highly dependent 
          upon Castor XML)
        - Best practices/patterns document
        - Persistence of primitives and primitive wrappers
        - Make it really easy to implement type convertors (e.g. Oracle JDBC
          types, etc.)
        - Cascading deletes of an object graph via the object mapping descriptor
        - Lazy loading via either byte code manipulation or dynamic proxies
        - Sorted Collections
        - Support a choice of outer joins or ???
        - Updated JBoss JMX MBean 
        - Log4J CastorAppender
        - Updated XDoclet exolab plug-in
        - Better examples (e.g. servlet, EJB, client/server, etc.)
        - xPetstore Castor implementation
        - Castor tutorial document
        - More engine support (e.g. native XML databases, SAP DB, FirstSQL, 
          McKoi SQL, Pointbase, etc.)
        -->

        <!--
        <section title="">
        <p>
        <b>Description:</b><br />
        </p>
        <p>
        <b>Volunteer:</b><br />
        <b>Status:</b><br />
        <b>Date Started:</b><br />
        <b>Notes:</b><br />
        </p>
        </section>
        -->

    </section>

  </body>
</document>
